current_price,volume,avg_volume,volume_ratio,sma_20,sma_50,rsi,macd,bb_upper,bb_lower,bb_position,price_momentum,volatility,rsi_score,ma_score,bb_score,macd_score,momentum_score,volume_score,momentum_volume_bonus,rsi_growth_bonus,trend_bonus,macd_momentum_bonus,total_technical_score,price_to_sma20,price_to_sma50,sma20_to_sma50,is_above_sma20,is_above_sma50,is_sma20_above_sma50,is_rsi_oversold,is_rsi_overbought,is_macd_positive,is_high_volume,is_bb_oversold,is_bb_overbought,revenue,revenue_growth_rate_fwd,revenue_growth_rate_trailing,ebitda,ebitda_growth_rate_fwd,ebitda_growth_rate_trailing,depreciation_amortization,ebit,capx,working_capital,net_debt,levered_fcf,wacc,debt_to_equity_ratio,current_ratio,quick_ratio,gross_profit_margin,pe_ratio,eps,market_cap,enterprise_value,trailing_pe,forward_pe,peg_ratio,price_to_book,price_to_sales,enterprise_to_revenue,enterprise_to_ebitda,profit_margins,operating_margins,return_on_assets,return_on_equity,revenue_growth,earnings_growth,debt_to_equity,total_cash,total_debt,free_cashflow,operating_cashflow,beta,shares_outstanding,book_value,held_percent_institutions,held_percent_insiders,stock_category,base_confidence,sector_multiplier,is_large_cap,is_mid_cap,is_small_cap,is_micro_cap,is_penny,is_micro_penny,symbol,sector,industry,exchange,extraction_date,algorithm_prediction,algorithm_prediction_numeric,algorithm_confidence,algorithm_expected_change,algorithm_target_price,actual_change_percent,label,label_numeric,future_price,days_forward
221.52000427246094,3550200,4384915.0,0.8096394114823207,210.52050018310547,185.24380004882812,72.27204898323187,8.580445706527797,220.19580134165076,200.84519902456017,1.068432129869189,7.351586004477884,21.580937424139126,-15,15,-10,10.0,10,0,0,0,4,3,67.0,1.052249087760044,1.195829518796693,1.136450991221378,1,1,1,0,1,1,0,0,1,0,0,0,0,0,0,0,0,0,0,0,0,0,0,0,0,0,0,0,74045382656,72705155072,0.0,238.62366,0,30.749619,19.283852,18.935,-55.897,-0.36428002,-0.32700002,-0.115609996,-0.40139,0.257,0.0,111.301,3910683904,2687762944,1157904896,832668992,1.211,333657984,7.217,0.67382,0.04117,large_cap,0.85,1.3,1,0,0,0,0,0,SNOW,Technology,Software - Application,NYQ,2025-06-26T13:34:51.523254,BUY,3,85.0,2.0,226.36,0.18056784433445486,HOLD,1,221.9199981689453,30
154.30999755859375,269146500,208588510.0,1.290322750759378,142.60864791870117,127.7571484375,71.40890302150541,5.415188267958712,151.29161150811203,133.9256843292903,1.1738108204301776,13.889830194478051,29.283461065721873,-15,15,-10,10.0,10,0,0,0,4,3,67.0,1.0820521743293108,1.207838461063364,1.1162478942496643,1,1,1,0,1,1,0,0,1,0,0,0,0,0,0,0,0,0,0,0,0,0,0,0,0,0,0,0,3780565794816,3721757982720,50.006454,37.626217,0,45.09017,25.455786,25.06,42.174,0.51694,0.49108002,0.53244996,1.15463,0.692,0.267,12.267,53690998784,10284999680,55443001344,76158001152,2.122,24387600384,3.438,0.67537004,0.043309998,large_cap,0.85,1.3,1,0,0,0,0,0,NVDA,Technology,Semiconductors,NMS,2025-06-26T13:34:52.511216,BUY,3,85.0,2.0,158.12,0.4601171182039502,HOLD,1,155.02000427246094,30
327.54998779296875,119845100,124299190.0,0.9641663795234707,328.62749633789065,308.44080047607423,48.69686067996979,4.31690050578527,366.4777844974223,290.777208178359,0.48576617778469205,-9.738495254465915,73.80861102468005,0,0,0,8.63380101157054,-10,0,0,0,0,3,51.63380101157054,0.9967211856678785,1.0619541490211404,1.0654475537304355,0,1,1,0,0,1,0,0,0,0,0,0,0,0,0,0,0,0,0,0,0,0,0,0,0,0,0,0,1049324355584,1031921205248,187.22989,100.549385,0,14.051932,10.961977,10.78,82.225,0.063829996,0.0255,0.03724,0.087740004,-0.092,-0.707,17.407,36996001792,13127999488,3360000000,16837000192,2.461,3220960000,23.184,0.50159,0.12889,large_cap,0.85,1.0,1,0,0,0,0,0,TSLA,Consumer Cyclical,Auto Manufacturers,NMS,2025-06-26T13:34:53.345024,BUY,3,85.0,1.49,330.63,-0.5403721812350102,SELL,0,325.7799987792969,30
708.6799926757812,9320400,12039075.0,0.7741790793727924,685.0542907714844,623.6874743652344,58.797881068235824,20.490184920298248,726.3560521037035,643.7525294392652,0.7860132490992179,10.416188016371743,25.786793327516538,0,15,0,10.0,10,0,0,3,4,3,95.0,1.0344873424231682,1.1362742107287773,1.0983935367127693,1,1,1,0,0,1,0,0,0,0,0,0,0,0,0,0,0,0,0,0,0,0,0,0,0,0,0,0,1825630060544,1761142374400,28.385067,28.699211,0,9.900733,10.716308,10.338,20.018,0.39113998,0.41487,0.17879999,0.39835,0.161,0.365,26.763,70229999616,49519001600,36658999296,96108003328,1.266,2171150080,73.337,0.80054003,0.0007,large_cap,0.85,1.1,1,0,0,0,0,0,META,Communication Services,Internet Content & Information,NMS,2025-06-26T13:34:54.104579,BUY,3,85.0,2.62,745.15,2.4566848732319913,BUY,2,726.0900268554688,30
80.9800033569336,1828000,2430900.0,0.7519848615739027,84.05550041198731,85.21560012817383,43.30672063982272,-1.4980762073896017,90.72865309792434,77.38234772605028,0.26956191475020447,-12.784055263604419,54.06338089976872,0,-15,0,-2.9961524147792034,-10,0,0,0,0,0,22.003847585220797,0.9634111147993938,0.9502955237671339,0.986386298818038,0,0,0,0,0,0,0,0,0,0,0,0,0,0,0,0,0,0,0,0,0,0,0,0,0,0,0,0,8718246912,7743969280,0.0,44.654053,0,9.402458,5.877618,5.221,-185.707,-0.07289,-0.029660001,-0.01396,-0.12983,0.16,0.0,64.171,1397260032,595014016,367155744,266168000,1.071,105535000,8.786,0.84971,0.13182001,mid_cap,0.75,1.3,0,1,0,0,0,0,ESTC,Technology,Software - Application,NYQ,2025-06-26T13:34:54.953631,SELL,1,75.0,-25.0,61.96,2.0128392020848276,BUY,2,82.61000061035156,30
155.92999267578125,5280100,7921350.0,0.6665656737803531,152.28855209350587,147.49454132080078,63.12943222181426,2.0219157243775214,161.8742340541324,142.70287013287935,0.6899416545026587,5.541725841581673,25.508433310917418,0,15,0,4.043831448755043,10,0,0,0,4,3,86.04383144875504,1.0239114531737061,1.057191617258793,1.0325029708203106,1,1,1,0,0,1,0,0,0,0,0,0,0,0,0,0,0,0,0,0,0,0,0,0,0,0,0,0,173692616704,171988140032,16.158325,12.9345875,0,6.2756376,4.1075683,4.067,12.882,0.2611,0.28418,0.13428001,0.42205003,0.169,0.22,52.737,13845999616,14622999552,8322874880,12839999488,1.256,1098000000,25.207,0.81033,0.00126,large_cap,0.85,1.3,1,0,0,0,0,0,QCOM,Technology,Semiconductors,NMS,2025-06-26T13:34:55.736624,STRONG BUY,4,85.0,3.49,163.71,1.4493746371964145,HOLD,1,158.19000244140625,30
82.75,38974900,37232520.0,1.0467972621783324,73.57449970245361,61.0929997253418,68.93064169326252,5.379098456176209,83.67038126279115,63.47861814211606,0.9544179843389337,25.340812189651363,49.0325797852837,0,15,-10,10.0,10,0,0,0,4,3,82.0,1.1247103321755976,1.354492337453103,1.2043032758781755,1,1,1,0,0,1,0,0,1,0,0,0,0,0,0,0,0,0,0,0,0,0,0,0,0,0,0,0,74586275840,69427306496,48.297142,115.780815,0,9.400511,22.879225,21.297,0.0,0.48773,0.41424,0.0432,0.21430999,0.5,1.063,118.056,12986000384,9388999680,0,1108000000,2.256,767046976,8.991,0.6971,0.00852,large_cap,0.85,1.0,1,0,0,0,0,0,HOOD,Financial Services,Capital Markets,NMS,2025-06-26T13:34:56.493756,BUY,3,75.0,4.0,87.9,2.13896875295034,BUY,2,84.5199966430664,30
22.200000762939453,64975100,92221920.0,0.7045515860003783,20.73499994277954,20.638999938964844,62.111807128887975,0.295188354977757,22.375263214550273,19.09473667100881,0.9465749021431124,8.029204803585777,51.79281961498066,0,15,-10,0.590376709955514,10,0,0,0,0,0,65.5903767099555,1.0706535241959363,1.075633549522308,1.0046513883472357,1,1,1,0,0,1,0,0,1,0,0,0,0,0,0,0,0,0,0,0,0,0,0,0,0,0,0,0,98144993280,132596400128,0.0,23.195875,0,0.98386467,1.8502563,2.5,16.34,-0.36189,-0.00245,-0.01092,-0.18127,-0.004,0.0,47.129,21048000512,50150998016,-7000750080,10323999744,1.113,4361999872,22.869,0.67606,0.00078,large_cap,0.85,1.3,1,0,0,0,0,0,INTC,Technology,Semiconductors,NMS,2025-06-26T13:34:57.253852,BUY,3,85.0,1.84,22.91,1.3513478682458597,HOLD,1,22.5,30
211.99000549316406,31755700,37849070.0,0.8390087259739804,210.79950180053712,199.37300079345704,57.28275151070309,3.0097032817543266,219.0780746214843,202.52092897958994,0.571902713086888,2.897777447285077,19.196309228317926,0,15,0,6.019406563508653,0,0,0,3,4,3,81.01940656350865,1.005647564071349,1.0632834167590113,1.0573121784875852,1,1,1,0,0,1,0,0,0,0,0,0,0,0,0,0,0,0,0,0,0,0,0,0,0,0,0,0,2305032716288,2313948495872,35.30406,35.30406,0,7.533657,3.5444973,3.558,18.344,0.1014,0.11823,0.07632,0.2524,0.086,0.622,51.641,94564999168,157952999424,39273500672,113903001600,1.334,10616399872,28.82,0.65487,0.08721,large_cap,0.85,1.0,1,0,0,0,0,0,AMZN,Consumer Cyclical,Internet Retail,NMS,2025-06-26T13:34:58.569292,BUY,3,85.0,2.18,221.86,2.4199205109171347,BUY,2,217.1199951171875,30
264.6499938964844,18894200,26687395.0,0.7079821766043483,250.95429916381835,222.67487701416016,53.53200581525685,9.415358090957938,265.7550723463063,236.15352598133038,0.9626682188762467,12.570721373915497,33.8452246729606,0,15,-10,10.0,10,0,0,3,4,3,85.0,1.0545744574940545,1.188504053286869,1.1269987100873524,1,1,1,0,0,1,0,0,1,0,0,0,0,0,0,0,0,0,0,0,0,0,0,0,0,0,0,0,1270736617472,138150150144,98.243645,43.787685,0,4.562064,22.275648,2.422,4.44,0.22643,0.31765,0.08014,0.18977,0.164,1.881,166.032,11105000448,40456998912,26148749312,23235000320,1.122,4703470080,59.221,0.79128,0.02021,large_cap,0.85,1.3,1,0,0,0,0,0,AVGO,Technology,Semiconductors,NMS,2025-06-26T13:34:59.326156,STRONG BUY,4,85.0,5.53,285.1,2.0857810914626773,BUY,2,270.1700134277344,30
206.75999450683594,1550400,3003955.0,0.5161195823506011,204.4395004272461,187.39579956054686,55.3185019841728,4.612474061310422,225.1545289089722,183.72447194551998,0.556009917670084,9.425772874435305,52.83643236958314,0,15,0,9.224948122620845,10,0,0,3,4,3,94.22494812262084,1.011350517266675,1.1033331322884459,1.0909502822724289,1,1,1,0,0,1,0,0,0,0,0,0,0,0,0,0,0,0,0,0,0,0,0,0,0,0,0,0,17094632448,14513430528,0.0,64.5679,0,5.6362314,8.1213665,6.895,-94.412,-0.04091,-0.09481,-0.0319,-0.04003,0.219,0.0,2.378,2453937920,72117000,421320384,196507008,1.402,81714304,37.117,0.87838,0.03097,large_cap,0.85,1.3,1,0,0,0,0,0,MDB,Technology,Software - Infrastructure,NGM,2025-06-26T13:35:00.285108,STRONG BUY,4,85.0,4.15,217.87,1.1801134195356047,HOLD,1,209.1999969482422,30
204.3000030517578,3242300,4438465.0,0.7305002968368569,196.89500198364257,188.5616000366211,65.82121117870246,3.8682262571395256,206.2352792119708,187.55472475531434,0.896401567485413,8.983247484672633,22.643285991673796,0,15,-10,7.736452514279051,10,0,0,0,4,3,79.73645251427905,1.037608882874185,1.083465578421482,1.0441945865192226,1,1,1,0,0,1,0,0,1,0,0,0,0,0,0,0,0,0,0,0,0,0,0,0,0,0,0,0,134920306688,133733040128,116.28735,28.102777,0,18.635107,15.202803,15.069,106.969,0.13948,0.09803,0.031040002,0.21162,0.153,-0.051,11.147,3300199936,806000000,3175474944,3207899904,0.973,666800000,10.858,0.819,0.00992,large_cap,0.85,1.3,1,0,0,0,0,0,PANW,Technology,Software - Infrastructure,NMS,2025-06-26T13:35:01.068949,STRONG BUY,4,85.0,4.34,211.13,-0.9593767423344751,SELL,0,202.33999633789062,30
267.760009765625,6074300,9498110.0,0.6395272322598917,265.6850524902344,268.76655181884763,54.64292668127728,-2.0900046193830235,275.12848661942996,256.24161836103883,0.6098624317702186,-3.248821039496583,27.160234178905995,0,0,0,-4.180009238766047,0,0,0,3,0,0,48.81999076123395,1.0078098382123581,0.996254957894087,0.9885346621156557,1,0,0,0,0,0,0,0,0,0,0,0,0,0,0,0,0,0,0,0,0,0,0,0,0,0,0,0,258827436032,250590560256,42.303123,24.325247,0,4.2753367,6.706938,6.493,22.362,0.16079001,0.20124,0.050869998,0.10312,0.076,0.019,19.813,17408000000,12019999744,14429875200,13320999936,1.377,956000000,63.326,0.83864,0.02606,large_cap,0.85,1.3,1,0,0,0,0,0,CRM,Technology,Software - Application,NYQ,2025-06-26T13:35:02.014161,HOLD,2,85.0,-0.2,270.19,1.1129296235679214,HOLD,1,270.739990234375,30
170.67999267578125,35479000,38043215.0,0.9325973107162473,171.85971221923828,164.8511376953125,54.18452324074057,1.0647664786810367,180.2662599835028,163.45316445497375,0.42983329325315284,-1.1644737301339265,25.5598024586802,0,0,0,2.1295329573620734,0,0,0,3,0,3,58.12953295736207,0.9931355666303451,1.0353582939248014,1.0425145656979293,0,1,1,0,0,1,0,0,0,0,0,0,0,0,0,0,0,0,0,0,0,0,0,0,0,0,0,0,2110367858688,2004371767296,19.368303,19.368303,0,6.1094875,5.86681,5.572,14.77,0.30857,0.33918,0.16896999,0.34789002,0.12,0.488,8.254,95328002048,28497999872,60679000064,132601004032,1.014,5820000256,28.405,0.81083,0.00254,large_cap,0.85,1.1,1,0,0,0,0,0,GOOGL,Communication Services,Internet Content & Information,NMS,2025-06-26T13:35:02.753480,STRONG BUY,4,85.0,3.63,179.84,1.6756507693226448,BUY,2,173.5399932861328,30
26.860000610351562,6149800,10219330.0,0.6017811343796511,26.75099983215332,26.340899887084962,47.42785457431172,-0.09514137636494269,28.394832365265373,25.107167299041265,0.5331544655561374,0.3736935000538491,41.57593204783041,0,15,0,-0.19028275272988537,0,0,0,0,0,0,64.80971724727011,1.0040746431491219,1.0197070231272212,1.0155689420948535,1,1,1,0,0,0,0,0,0,0,0,0,0,0,0,0,0,0,0,0,0,0,0,0,0,0,0,0,10650875904,5157885440,0.0,-3.1655173,0,1.0588236,3.352495,1.624,-1.458,-1.05666,-9.722219,-0.15837,-0.29341,-0.353,0.0,7.401,5975000064,745000000,-3197499904,-3052000000,1.859,386742016,26.01,0.73735,0.07279,large_cap,0.85,1.1,1,0,0,0,0,0,MRNA,Healthcare,Biotechnology,NMS,2025-06-26T13:35:03.583184,BUY,3,75.0,4.25,28.71,2.531646648264469,BUY,2,27.540000915527344,30
492.2699890136719,17495100,19129980.0,0.9145383319794375,472.8294967651367,440.95044982910156,79.73199982875389,12.358988583633902,493.1451189860425,452.5138745442309,0.9784616497871749,6.854932037793068,10.438269254778579,-15,15,-10,10.0,10,0,0,0,4,3,67.0,1.0411152273314954,1.1163839138943166,1.0722962113960661,1,1,1,0,1,1,0,0,1,0,0,0,0,0,0,0,0,0,0,0,0,0,0,0,0,0,0,0,3697317249024,3684219486208,38.413128,33.27425,0,11.488453,13.69326,13.645,24.698,0.35789,0.45671,0.14581999,0.3361,0.133,0.177,32.626,79617998848,105018998784,54817001472,130710003712,1.026,7432540160,43.3,0.74693,0.00062,large_cap,0.85,1.3,1,0,0,0,0,0,MSFT,Technology,Software - Infrastructure,NMS,2025-06-26T13:35:04.402788,SPECULATIVE BUY,3,80.0,2.45,509.64,1.0522727992698149,HOLD,1,497.45001220703125,30
103.69000244140625,2791900,4634695.0,0.6023913116181324,102.43600006103516,102.07320007324219,55.56751197454514,0.13030074919636547,105.0732434352125,99.79875668685781,0.7377487024234655,-1.0024779871859093,23.498767635045663,0,15,0,0.26060149839273095,0,0,0,3,0,0,68.26060149839273,1.0122418132260524,1.015839636329653,1.0035543118814012,1,1,1,0,0,1,0,0,0,0,0,0,0,0,0,0,0,0,0,0,0,0,0,0,0,0,0,0,79496110080,75662032896,42.740738,43.095436,0,40.69749,12.942613,12.318,36.797,0.30597,0.29064,0.13325,2.05906,0.138,0.436,54.842,4780499968,1076499968,1964999936,2291000064,1.072,765416000,2.552,0.71686995,0.16969,large_cap,0.85,1.3,1,0,0,0,0,0,FTNT,Technology,Software - Infrastructure,NMS,2025-06-26T13:35:05.206808,BUY,3,85.0,2.18,106.13,0.16394846652778897,HOLD,1,103.86000061035156,30
23.549999237060547,9840700,24777635.0,0.39716058453520686,26.824499797821044,27.51239990234375,25.270470614004182,-1.539499283696749,33.99843656772697,19.650563027915123,0.2717779884472386,-32.733503667219786,95.24910011234148,15,-15,0,-3.078998567393498,-10,-10,0,0,0,0,26.921001432606502,0.8779287373318893,0.8559776435589812,0.9749967248599021,0,0,0,1,0,0,0,0,0,0,0,0,0,0,0,0,0,0,0,0,0,0,0,0,0,0,0,0,10682383360,5910770176,45.056606,-2388.0,0,2.141704,2.9078786,1.609,69.051,0.05673,0.03372,0.00717,0.06621,-0.169,0.0,35.325,6385800192,1761799936,221187504,448000000,-0.652,447336000,11.15,0.34567,0.08605,large_cap,0.85,1.0,1,0,0,0,0,0,GME,Consumer Cyclical,Specialty Retail,NYQ,2025-06-26T13:35:06.167592,BUY,3,90.0,0.88,24.09,1.401273606780993,HOLD,1,23.8799991607666,30
11.619999885559082,1158200,1171020.0,0.989052279209578,10.731500053405762,10.457200031280518,68.9230698805589,0.2739862904029984,11.720859913876374,9.74214019293515,0.949027632741581,14.145378558104433,38.969281098473395,0,15,-10,0.5479725808059968,10,0,0,0,0,0,65.547972580806,1.0827936288246436,1.1111960994147854,1.026230733016939,1,1,1,0,0,1,0,0,1,0,0,0,0,0,0,0,0,0,0,0,0,0,0,0,0,0,0,0,1364689920,457060032,27.15909,14.226191,0,1.0000837,1.1414363,0.382,3.666,0.04245,0.05235,0.00409,0.03858,0.131,-0.091,1.874,895515008,25573000,329857632,-2126914048,2.428,114200000,11.949,0.80485,0.029690001,small_cap,0.65,1.0,0,0,1,0,0,0,LC,Financial Services,Banks - Regional,NYQ,2025-06-26T13:35:07.123591,BUY,3,55.0,3.0,12.31,2.83993052457915,BUY,2,11.949999809265137,30
0.5120000243186951,76129700,79969585.0,0.9519831821060469,0.597749999165535,0.7123600006103515,35.20408279632137,-0.056112161765166646,0.7019822797318901,0.49351771859917987,0.08865922159186192,-25.47306525008314,91.2903927325652,0,-15,10,-0.11222432353033329,-10,0,0,0,0,0,34.887775676469666,0.8565454203821871,0.718737750407115,0.8391122447265168,0,0,0,0,0,0,0,1,0,0,0,0,0,0,0,0,0,0,0,0,0,0,0,0,0,0,0,0,392270848,2340340992,0.0,-1.9925925,0,0.6065389,0.07654065,0.457,-10.59,-0.0718,-0.04597,-0.04958,-0.47667998,-0.024,0.0,391.628,559000000,2526000128,-388249984,-696000000,2.761,729128000,0.887,0.49341,0.11418,small_cap,0.65,0.8,0,0,1,0,0,0,OPEN,Real Estate,Real Estate Services,NMS,2025-06-26T13:35:07.946228,SELL,1,15.0,-90.0,0.05,5.078117587618532,BUY,2,0.5379999876022339,30
201.55999755859375,39525700,52603260.0,0.7513925942992887,200.3555000305176,202.57287384033202,47.84981179083056,-1.0142991923302418,204.9118318441179,195.79916821691728,0.6321784252499814,0.674287397960043,16.87200386387484,0,0,0,-2.0285983846604836,0,0,0,0,0,0,47.971401615339516,1.0060118016620092,0.9949999411938213,0.9890539450431939,1,0,0,0,0,0,0,0,0,0,0,0,0,0,0,0,0,0,0,0,0,0,0,0,0,0,0,0,3002095632384,3060153188352,31.259722,24.187725,0,44.956383,7.498378,7.643,22.037,0.24301,0.31028998,0.23809999,1.38015,0.051,0.078,146.994,48497999872,98186002432,97251500032,109555998720,1.211,14935799808,4.471,0.62896997,0.02085,large_cap,0.85,1.3,1,0,0,0,0,0,AAPL,Technology,Consumer Electronics,NMS,2025-06-26T13:35:08.807727,HOLD,2,85.0,0.02,201.03,-0.2778316954637579,HOLD,1,201.0,30
143.39999389648438,74607200,50338340.0,1.4821148253994867,121.98600006103516,109.88679977416992,77.34685553771962,7.046889025537979,139.1159758819242,104.85602424014613,1.1250444851573016,25.174578345412318,48.82375947808683,-15,15,-10,10.0,10,0,0,0,4,3,67.0,1.1755446840189434,1.3049792531149143,1.1101060392306492,1,1,1,0,1,1,0,0,1,0,0,0,0,0,0,0,0,0,0,0,0,0,0,0,0,0,0,0,232962752512,229930369024,104.11594,28.172548,0,4.0115027,8.395054,8.286,39.117,0.080249995,0.10836001,0.0256,0.03904,0.359,5.252,8.174,7310000128,4730999808,3355624960,3459000064,1.993,1621400064,35.817,0.68065,0.0052300002,large_cap,0.85,1.3,1,0,0,0,0,0,AMD,Technology,Semiconductors,NMS,2025-06-26T13:35:09.667508,BUY,3,80.0,4.0,149.43,0.19525717657909852,HOLD,1,143.67999267578125,30
190.1199951171875,2630300,3483755.0,0.7550186508523131,176.1234992980957,149.21160018920898,71.36181845159578,9.743524449406152,190.98440187222735,161.26259672396407,0.9709167477975219,17.53214736240182,30.82300435803767,-15,15,-10,10.0,10,0,0,0,4,3,67.0,1.0794697804374316,1.274163636581233,1.1803606360012282,1,1,1,0,1,1,0,0,1,0,0,0,0,0,0,0,0,0,0,0,0,0,0,0,0,0,0,0,66188644352,65458585600,0.0,222.04651,0,46.405838,37.39237,36.98,-2667.533,-0.04616,-0.111140005,-0.026400002,-0.07351,0.265,0.0,103.508,1914873984,1475894016,56591624,452633984,1.835,310553984,4.115,0.8726,0.0069199996,large_cap,0.85,1.3,1,0,0,0,0,0,NET,Technology,Software - Infrastructure,NYQ,2025-06-26T13:35:10.425481,STRONG BUY,4,75.0,8.53,207.24,0.4418323260327854,HOLD,1,190.9600067138672,30
142.89999389648438,61435300,84613980.0,0.7260655981434746,133.8739990234375,122.12479965209961,63.457923944382685,5.833674522813908,147.22421837767237,120.52377966920264,0.8380466879813366,15.811649731212082,52.61999889768452,0,15,-10,10.0,10,0,0,0,4,3,82.0,1.0674215675851042,1.1701144591726467,1.0962064986375264,1,1,1,0,0,1,0,0,1,0,0,0,0,0,0,0,0,0,0,0,0,0,0,0,0,0,0,0,340416987136,332140216320,627.1739,306.9149,0,62.74467,109.2823,106.625,762.943,0.18320999,0.19917999,0.043920003,0.12357,0.393,1.0,4.432,5430688768,244596000,931205248,1334548992,2.638,2262909952,2.299,0.5586,0.03642,large_cap,0.85,1.3,1,0,0,0,0,0,PLTR,Technology,Software - Infrastructure,NMS,2025-06-26T13:35:11.128579,BUY,3,70.0,4.0,150.02,0.9447208965548024,HOLD,1,144.25,30
355.3699951171875,30154300,13181555.0,2.2876132595888725,268.9865013122559,237.91840057373048,79.03008499630187,24.035895764255883,337.35588992401665,200.6171127004951,1.1317410142093336,33.39714837053427,86.58881165362175,-15,15,-10,10.0,10,15,5,0,4,3,87.0,1.3211443451009923,1.493663349535922,1.1305830093998865,1,1,1,0,1,1,1,0,1,0,0,0,0,0,0,0,0,0,0,0,0,0,0,0,0,0,0,0,95532204032,87058079744,70.369606,105.06163,0,9.121796,14.331505,13.06,110.16,0.22028999,0.014789999,0.00223,0.15841,0.235,-0.945,43.892,8051168768,4594747904,305727264,1962631936,3.62,211407008,41.118,0.58048,0.02031,large_cap,0.85,1.0,1,0,0,0,0,0,COIN,Financial Services,Financial Data & Stock Exchanges,NMS,2025-06-26T13:35:11.948589,STRONG BUY,4,70.0,7.98,404.98,5.543521534657121,BUY,2,375.07000732421875,30
494.0899963378906,2957600,4351540.0,0.6796674280829316,476.71900177001953,443.8164001464844,68.51054839667268,13.146799214542057,498.6025423627283,454.8354611773108,0.8968963453212601,4.631314866090571,33.993777077199745,0,15,-10,10.0,0,0,0,0,4,3,72.0,1.0364386452047727,1.113275661230214,1.0741356146656036,1,1,1,0,0,1,0,0,1,0,0,0,0,0,0,0,0,0,0,0,0,0,0,0,0,0,0,0,125925072896,119362412544,0.0,118.318504,0,36.464817,30.445938,28.859,-9330.291,-0.04166,-0.10699,-0.01467,-0.05738,0.198,0.0,22.498,4614153216,785398016,1310727424,1382605952,1.158,249248000,13.855,0.73990995,0.0321,large_cap,0.85,1.3,1,0,0,0,0,0,CRWD,Technology,Software - Infrastructure,NMS,2025-06-26T13:35:12.826004,SPECULATIVE BUY,3,85.0,1.22,511.41,2.252627044729941,BUY,2,505.2200012207031,30
11.300000190734863,6831400,6540445.0,1.0444855051911606,10.527999973297119,9.807799987792968,69.57673739755249,0.4401197545322564,11.737081325598197,9.31891862099604,0.8192507336121356,10.784317667050786,43.108879964245325,0,15,-10,0.8802395090645128,10,0,0,0,4,0,69.88023950906451,1.0733282883164723,1.1521442326310818,1.0734313491711218,1,1,1,0,0,1,0,0,1,0,0,0,0,0,0,0,0,0,0,0,0,0,0,0,0,0,0,0,1459553408,2274193408,0.0,-13.411764,0,-9.23825,1.4054073,2.19,-20.626,-0.18348,-0.25555,-0.08554,0.0,-0.02,0.0,0.0,189784000,1017225024,6599125,51551000,2.365,128031000,-1.234,0.67411005,0.04127,small_cap,0.65,0.8,0,0,1,0,0,0,RDFN,Real Estate,Real Estate Services,NMS,2025-06-26T13:35:13.579474,BUY,3,55.0,5.1,11.98,0.8849506735177053,HOLD,1,11.399999618530273,30
152.27999877929688,7153700,8179835.0,0.8745530930636132,153.87799987792968,153.22615447998047,47.07347198601438,-0.3760758624632672,157.96815178160963,149.78784797424973,0.3046525977195287,-0.6329534882238989,13.471569153763587,0,0,0,-0.7521517249265344,0,0,0,0,0,0,49.247848275073466,0.989615142516146,0.9938251031366371,1.0042541392503221,0,0,1,0,0,0,0,0,0,0,0,0,0,0,0,0,0,0,0,0,0,0,0,0,0,0,0,0,365746683904,379867824128,16.927618,14.340565,0,4.681696,4.0942864,4.252,12.652,0.24415001,0.29407,0.0777,0.29447,0.024,2.388,66.896,38781001728,52252000256,16797124608,24782999552,0.41,2406070016,32.469,0.74002,0.00058,large_cap,0.85,1.1,1,0,0,0,0,0,JNJ,Healthcare,Drug Manufacturers - General,NYQ,2025-06-26T13:35:14.431823,BUY,3,85.0,0.88,153.34,-0.17730777162157801,HOLD,1,152.00999450683594,30
66.25,4418000,5621935.0,0.785850423386254,58.80200023651123,52.86560005187988,75.60138037036006,3.392513128621836,68.1506250000896,49.45337547293286,0.8983473479706708,29.445094968669245,43.67650685868467,-15,15,-10,6.785026257243672,10,0,0,0,4,3,63.78502625724367,1.1266623538915632,1.25317786868938,1.1122923068839783,1,1,1,0,1,1,0,0,1,0,0,0,0,0,0,0,0,0,0,0,0,0,0,0,0,0,0,0,21581940736,27370635264,0.0,142.34042,0,7.5050488,7.1768036,9.102,431.645,-0.020680001,-0.0107,-0.013789999,-0.02262,0.359,0.0,255.948,1359894016,7358282240,337546624,788035008,3.583,281825984,8.914,0.80527997,0.0467,large_cap,0.85,1.3,1,0,0,0,0,0,AFRM,Technology,Software - Infrastructure,NMS,2025-06-26T13:35:15.403186,BUY,3,75.0,2.98,68.89,0.9811343786851415,HOLD,1,66.9000015258789,30
98.20999908447266,2267100,5183620.0,0.4373584483430498,101.50224990844727,108.69510009765625,24.14274715993119,-3.8007199311893913,107.40333805296748,95.60116176392705,0.22104714051493918,-21.745020649822585,61.28497162051002,15,-15,0,-7.601439862378783,-10,-10,0,0,0,0,22.398560137621217,0.967564750269633,0.9035365807312074,0.9338254421519772,0,0,0,1,0,0,0,0,0,0,0,0,0,0,0,0,0,0,0,0,0,0,0,0,0,0,0,0,17179912192,15415948288,150.96924,33.83793,0,2.6161025,6.4080243,5.75,149.669,0.04849,0.05669,0.0010899999,0.020769998,0.115,0.0,14.421,2724999936,947000000,812499968,772000000,0.841,167163008,37.51,0.91936994,0.0055199997,large_cap,0.85,1.3,1,0,0,0,0,0,OKTA,Technology,Software - Infrastructure,NMS,2025-06-26T13:35:16.191780,HOLD,2,85.0,-0.15,97.98,-0.08145996517714668,HOLD,1,98.12999725341797,30
16.079999923706055,68438900,66102380.0,1.03534698750635,14.410500001907348,13.38099998474121,71.47541762744183,0.6564436444049822,16.184018287003113,12.636981716811583,0.9706745726358718,20.089615469836293,47.52487007002767,-15,15,-10,1.3128872888099643,10,0,0,0,4,0,55.31288728880996,1.1158530183947633,1.2017039041956956,1.0769374499917876,1,1,1,0,1,1,0,0,1,0,0,0,0,0,0,0,0,0,0,0,0,0,0,0,0,0,0,0,18536888320,18961971200,39.0,57.82759,0,2.7723591,6.6886005,6.842,0.0,0.17382,0.10414,0.01395,0.07513,0.201,1.79,49.144,2094338048,3282070016,0,-1836552960,1.827,1105360000,6.049,0.47587,0.03297,large_cap,0.85,1.0,1,0,0,0,0,0,SOFI,Financial Services,Credit Services,NMS,2025-06-26T13:35:16.975598,SPECULATIVE BUY,3,75.0,2.45,17.18,4.291048117732756,BUY,2,16.770000457763672,30
1275.25,2146500,2744665.0,0.7820626560982852,1227.5985046386718,1159.4420007324218,60.98931874086431,27.67025091006417,1274.3205422556534,1180.8764670216901,1.009946673901148,5.255994827701379,19.170440623175665,0,15,-10,10.0,10,0,0,0,4,3,82.0,1.0388168405071116,1.0998825290048335,1.0587838838537809,1,1,1,0,0,1,0,0,1,0,0,0,0,0,0,0,0,0,0,0,0,0,0,0,0,0,0,0,556080889856,551905001472,61.72272,54.948277,0,23.149029,13.842043,13.738,48.185,0.23074,0.31746998,0.13789,0.40842,0.125,0.252,72.513,8370990080,17423486976,21784893440,7938040832,1.589,425571008,56.446,0.86728996,0.0055400003,large_cap,0.85,1.1,1,0,0,0,0,0,NFLX,Communication Services,Entertainment,NMS,2025-06-26T13:35:17.688061,STRONG BUY,4,85.0,4.26,1362.37,2.4638340674622623,BUY,2,1306.6700439453125,30
62.439998626708984,5324300,5682475.0,0.9369684864429672,54.38050003051758,49.744399795532225,67.43634775668063,3.341446250928648,64.77371531770046,43.98728474333469,0.887728839126932,31.011327793991622,72.81646499047281,0,15,-10,6.682892501857296,10,0,0,0,4,3,78.6828925018573,1.1482056728361918,1.2552166451572506,1.0931984354830178,1,1,1,0,0,1,0,0,1,0,0,0,0,0,0,0,0,0,0,0,0,0,0,0,0,0,0,0,6027428864,6792192000,0.0,166.71053,0,8.901222,7.942909,8.951,-131.053,-0.08754,0.01145,-0.02165,-0.10304,0.591,0.0,215.452,606494016,1457841024,92268496,128508000,2.296,95144896,7.117,0.64315003,0.12559,mid_cap,0.75,1.0,0,1,0,0,0,0,UPST,Financial Services,Credit Services,NMS,2025-06-26T13:35:18.481975,STRONG BUY,4,65.0,7.72,68.24,1.4573988908174846,HOLD,1,63.349998474121094,30
130.24000549316406,3782800,4661470.0,0.8115036672980841,122.44650001525879,112.47339935302735,68.6087673358549,4.535698877684055,131.95899955899597,112.93400047152161,0.9096455112597794,10.748305427762835,26.016728755341056,0,15,-10,9.07139775536811,10,0,0,0,4,3,81.07139775536811,1.0636482502720297,1.1579627382326336,1.0886707498804071,1,1,1,0,0,1,0,0,1,0,0,0,0,0,0,0,0,0,0,0,0,0,0,0,0,0,0,0,45282680832,42406428672,278.9787,64.59113,0,15.506148,15.9751215,14.96,547.046,0.058480002,-0.01631,0.00368,0.06476,0.246,-0.417,64.364,4449674240,1877296000,791019904,929873984,1.001,319497984,8.456,0.86687,0.023929998,large_cap,0.85,1.3,1,0,0,0,0,0,DDOG,Technology,Software - Application,NMS,2025-06-26T13:35:20.201831,STRONG BUY,4,85.0,4.16,136.57,0.6756676803654048,HOLD,1,131.1199951171875,30
284.05999755859375,6826900,7822790.0,0.8726937575979925,269.1899978637695,257.9699996948242,79.57666575374623,5.830903581430846,281.62376287280347,256.7562328547356,1.0979685028637824,7.075271743788093,14.052589271594822,-15,15,-10,10.0,10,0,0,0,4,3,67.0,1.0552397927591262,1.1011357828221644,1.0434934224220587,1,1,1,0,1,1,0,0,1,0,0,0,0,0,0,0,0,0,0,0,0,0,0,0,0,0,0,0,802462236672,407052582912,14.175257,17.249104,0,2.4216273,4.7563467,2.413,0.0,0.35382,0.43342,0.01413,0.17352,0.048,0.142,0.0,1478705020928,1076282982400,0,-139692998656,1.084,2779089920,119.238,0.74081004,0.00455,large_cap,0.85,1.0,1,0,0,0,0,0,JPM,Financial Services,Banks - Diversified,NYQ,2025-06-26T13:35:21.253848,BUY,3,80.0,4.0,300.3,1.6510605089471748,BUY,2,288.75,30
